Links	Status
https://github.com#start-of-content	Valid
https://github.com/	Valid
https://github.com/signup?ref_cta=Sign+up&ref_loc=header+logged+out&ref_page=%2F%3Cuser-name%3E%2F%3Crepo-name%3E%2Ffiles%2Fdisambiguate&source=header-repo	Valid
https://github.com/features/actions	Valid
https://github.com/features/packages	Valid
https://github.com/features/security	Valid
https://github.com/features/codespaces	Valid
https://github.com/features/copilot	Valid
https://github.com/features/code-review	Valid
https://github.com/features/issues	Valid
https://github.com/features/discussions	Valid
https://github.com/features	Valid
https://skills.github.com/	Valid
https://github.blog	Valid
https://github.com/enterprise	Valid
https://github.com/team	Valid
https://github.com/enterprise/startups	Valid
https://education.github.com	Valid
https://github.com/solutions/ci-cd/	Valid
https://resources.github.com/devops/	Valid
https://resources.github.com/devops/fundamentals/devsecops/	Valid
https://github.com/customer-stories	Valid
https://resources.github.com/	Valid
https://github.com/sponsors	Valid
https://github.com/readme	Valid
https://github.com/topics	Valid
https://github.com/trending	Valid
https://github.com/collections	Valid
https://github.com/pricing	Valid
https://github.com	Valid
https://github.com	Valid
https://github.com	Valid
https://github.com	Valid
https://github.com/login?return_to=https%3A%2F%2Fgithub.com%2FGauravraj1141%2Furlscrapper	Valid
https://github.com/signup?ref_cta=Sign+up&ref_loc=header+logged+out&ref_page=%2F%3Cuser-name%3E%2F%3Crepo-name%3E%2Ffiles%2Fdisambiguate&source=header-repo&source_repo=Gauravraj1141%2Furlscrapper	Valid
https://github.com/Gauravraj1141	Valid
https://github.com/Gauravraj1141/urlscrapper	Valid
https://github.com/login?return_to=%2FGauravraj1141%2Furlscrapper	Valid
https://github.com/login?return_to=%2FGauravraj1141%2Furlscrapper	Valid
https://github.com/login?return_to=%2FGauravraj1141%2Furlscrapper	Valid
https://github.com/Gauravraj1141/urlscrapper	Valid
https://github.com/Gauravraj1141/urlscrapper/issues	Valid
https://github.com/Gauravraj1141/urlscrapper/pulls	Valid
https://github.com/Gauravraj1141/urlscrapper/actions	Valid
https://github.com/Gauravraj1141/urlscrapper/security	Valid
https://github.com/Gauravraj1141/urlscrapper/pulse	Valid
https://github.com/Gauravraj1141/urlscrapper	Valid
https://github.com/Gauravraj1141/urlscrapper/issues	Valid
https://github.com/Gauravraj1141/urlscrapper/pulls	Valid
https://github.com/Gauravraj1141/urlscrapper/actions	Valid
https://github.com/Gauravraj1141/urlscrapper/security	Valid
https://github.com/Gauravraj1141/urlscrapper/pulse	Valid
https://github.com	Valid
https://github.com/security	Valid
https://www.githubstatus.com/	Valid
https://support.github.com?tags=dotcom-footer	Valid
https://github.com/pricing	Valid
https://github.blog	Valid
https://github.com/about	Valid
https://github.com	Valid
https://github.com	Valid
https://docs.github.com	broken
https://github.com/Gauravraj1141/urlscrapper/projects	broken
https://github.com/Gauravraj1141/urlscrapper/projects	broken
https://youtube.com/GitHub	broken
https://docs.github.com/site-policy/github-terms/github-terms-of-service	broken
https://docs.github.com/site-policy/privacy-policies/github-privacy-statement	broken
https://docs.github.com	broken
https://docs.github.com	broken
https://services.github.com	broken
